{
  "experiment_name": "custom_logger_example",
  "models": {
    "mlp": {
      "test": {
        "test_accuracy": 0.8494898080825806,
        "test_auc": 0.9402748942375183,
        "test_avg_precision": 0.9662785530090332,
        "test_loss": 0.3089001178741455,
        "test_precision": 0.8470149040222168,
        "test_recall": 0.9265305995941162
      },
      "train": {
        "train_accuracy": 0.9160177707672119,
        "train_auc": 0.963444709777832,
        "train_avg_precision": 0.9709938764572144,
        "train_loss": 0.029761476442217827,
        "train_precision": 0.9221218824386597,
        "train_recall": 0.9087875485420227
      },
      "val": {
        "val_accuracy": 0.8588709831237793,
        "val_auc": 0.9065426588058472,
        "val_avg_precision": 0.9272369146347046,
        "val_loss": 0.41399866342544556,
        "val_precision": 0.8396946787834167,
        "val_recall": 0.8870967626571655
      }
    }
  }
}
